env,family,param,planner,K,seed,success,search_time,total_time,path_length,waypoints,nodes,iterations,error
clutter_n000.yaml,clutter,0.0,rrt,2,0,1,0.0399,0.0401,230.0,24,32,8,
clutter_n000.yaml,clutter,0.0,rrt,2,1,1,0.0213,0.0215,174.816,19,19,3,
clutter_n000.yaml,clutter,0.0,rrt,2,2,1,0.0203,0.0205,164.554,18,18,1,
clutter_n000.yaml,clutter,0.0,rrt,2,3,1,0.0195,0.0197,164.554,18,18,1,
clutter_n000.yaml,clutter,0.0,rrt,2,4,1,0.0661,0.0664,269.083,28,49,9,
clutter_n000.yaml,clutter,0.0,rrt,2,5,1,0.0195,0.0196,166.908,18,18,2,
clutter_n000.yaml,clutter,0.0,rrt,2,6,1,0.0341,0.0342,218.024,23,29,3,
clutter_n000.yaml,clutter,0.0,rrt,2,7,1,0.0349,0.035,214.802,23,29,6,
clutter_n000.yaml,clutter,0.0,rrt,2,8,1,0.0193,0.0194,164.554,18,18,1,
clutter_n000.yaml,clutter,0.0,rrt,2,9,1,0.023,0.0231,185.402,20,20,6,
clutter_n000.yaml,clutter,0.0,rrt,2,10,1,0.0215,0.0216,179.455,19,19,5,
clutter_n000.yaml,clutter,0.0,rrt,2,11,1,0.0384,0.0386,253.102,28,31,10,
clutter_n000.yaml,clutter,0.0,rrt,2,12,1,0.0778,0.0779,269.828,28,58,15,
clutter_n000.yaml,clutter,0.0,rrt,2,13,1,0.0191,0.0193,166.267,18,18,2,
clutter_n000.yaml,clutter,0.0,rrt,2,14,1,0.0771,0.0773,240.482,26,57,16,
clutter_n000.yaml,clutter,0.0,rrt,2,15,1,0.0363,0.0364,223.269,24,30,5,
clutter_n000.yaml,clutter,0.0,rrt,2,16,1,0.0247,0.0249,198.406,21,21,5,
clutter_n000.yaml,clutter,0.0,rrt,2,17,1,0.0371,0.0372,234.758,25,30,9,
clutter_n000.yaml,clutter,0.0,rrt,2,18,1,0.0254,0.0255,189.124,20,20,7,
clutter_n000.yaml,clutter,0.0,rrt,2,19,1,0.0207,0.0209,170.0,18,18,4,
clutter_n000.yaml,clutter,0.0,rrt,2,20,1,0.0288,0.0291,206.235,23,25,4,
clutter_n000.yaml,clutter,0.0,rrt,2,21,1,0.0229,0.0231,188.227,20,20,3,
clutter_n000.yaml,clutter,0.0,rrt,2,22,1,0.0216,0.0217,174.472,19,19,3,
clutter_n000.yaml,clutter,0.0,rrt,2,23,1,0.0211,0.0212,165.84,18,18,2,
clutter_n000.yaml,clutter,0.0,rrt,2,24,1,0.0333,0.0335,223.805,24,28,3,
clutter_n000.yaml,clutter,0.0,rrt,2,25,1,0.0505,0.0507,244.46,26,39,4,
clutter_n000.yaml,clutter,0.0,rrt,2,26,1,0.0205,0.0206,168.987,18,18,2,
clutter_n000.yaml,clutter,0.0,rrt,2,27,1,0.0211,0.0212,166.79,18,18,2,
clutter_n000.yaml,clutter,0.0,rrt,2,28,1,0.0736,0.0737,256.779,28,63,17,
clutter_n000.yaml,clutter,0.0,rrt,2,29,1,0.0195,0.0197,164.554,18,18,1,
clutter_n000.yaml,clutter,0.0,rrt-connect,2,0,1,0.0208,0.021,167.673,18,19,1,
clutter_n000.yaml,clutter,0.0,rrt-connect,2,1,1,0.0198,0.02,169.209,18,19,1,
clutter_n000.yaml,clutter,0.0,rrt-connect,2,2,1,0.0205,0.0207,165.192,18,19,1,
clutter_n000.yaml,clutter,0.0,rrt-connect,2,3,1,0.0205,0.0207,168.211,18,19,1,
clutter_n000.yaml,clutter,0.0,rrt-connect,2,4,1,0.0199,0.02,166.571,18,19,1,
clutter_n000.yaml,clutter,0.0,rrt-connect,2,5,1,0.0299,0.0301,166.908,18,19,1,
clutter_n000.yaml,clutter,0.0,rrt-connect,2,6,1,0.0207,0.0208,166.9,18,19,1,
clutter_n000.yaml,clutter,0.0,rrt-connect,2,7,1,0.019,0.0192,165.151,18,19,1,
clutter_n000.yaml,clutter,0.0,rrt-connect,2,8,1,0.0201,0.0203,166.995,18,19,1,
clutter_n000.yaml,clutter,0.0,rrt-connect,2,9,1,0.0204,0.0206,167.451,18,19,1,
clutter_n000.yaml,clutter,0.0,rrt-connect,2,10,1,0.0203,0.0205,168.018,18,19,1,
clutter_n000.yaml,clutter,0.0,rrt-connect,2,11,1,0.0193,0.0195,165.823,18,19,1,
clutter_n000.yaml,clutter,0.0,rrt-connect,2,12,1,0.0199,0.0201,168.004,18,19,1,
clutter_n000.yaml,clutter,0.0,rrt-connect,2,13,1,0.0192,0.0194,166.267,18,19,1,
clutter_n000.yaml,clutter,0.0,rrt-connect,2,14,1,0.0198,0.02,167.665,18,19,1,
clutter_n000.yaml,clutter,0.0,rrt-connect,2,15,1,0.0201,0.0202,167.514,18,19,1,
clutter_n000.yaml,clutter,0.0,rrt-connect,2,16,1,0.0196,0.0198,170.378,19,20,1,
clutter_n000.yaml,clutter,0.0,rrt-connect,2,17,1,0.0205,0.0207,167.546,18,19,1,
clutter_n000.yaml,clutter,0.0,rrt-connect,2,18,1,0.0205,0.0207,166.318,18,19,1,
clutter_n000.yaml,clutter,0.0,rrt-connect,2,19,1,0.0202,0.0203,167.014,18,19,1,
clutter_n000.yaml,clutter,0.0,rrt-connect,2,20,1,0.0205,0.0207,168.852,18,19,1,
clutter_n000.yaml,clutter,0.0,rrt-connect,2,21,1,0.0203,0.0204,165.03,18,19,1,
clutter_n000.yaml,clutter,0.0,rrt-connect,2,22,1,0.0213,0.0214,169.194,18,19,1,
clutter_n000.yaml,clutter,0.0,rrt-connect,2,23,1,0.0204,0.0206,165.84,18,19,1,
clutter_n000.yaml,clutter,0.0,rrt-connect,2,24,1,0.0204,0.0206,167.346,18,19,1,
clutter_n000.yaml,clutter,0.0,rrt-connect,2,25,1,0.0206,0.0208,173.436,19,20,1,
clutter_n000.yaml,clutter,0.0,rrt-connect,2,26,1,0.0213,0.0214,168.987,18,19,1,
clutter_n000.yaml,clutter,0.0,rrt-connect,2,27,1,0.0215,0.0217,166.79,18,19,1,
clutter_n000.yaml,clutter,0.0,rrt-connect,2,28,1,0.0201,0.0203,167.869,18,19,1,
clutter_n000.yaml,clutter,0.0,rrt-connect,2,29,1,0.02,0.0201,168.236,18,19,1,
clutter_n005.yaml,clutter,5.0,rrt,2,0,1,0.0348,0.035,230.0,24,28,8,
clutter_n005.yaml,clutter,5.0,rrt,2,1,1,0.0396,0.0398,245.186,26,31,12,
clutter_n005.yaml,clutter,5.0,rrt,2,2,1,0.0622,0.0624,300.0,31,45,62,
clutter_n005.yaml,clutter,5.0,rrt,2,3,1,0.0462,0.0463,226.133,24,36,41,
clutter_n005.yaml,clutter,5.0,rrt,2,4,1,0.055,0.0551,251.848,26,42,9,
clutter_n005.yaml,clutter,5.0,rrt,2,5,1,0.0251,0.0253,194.045,21,21,17,
clutter_n005.yaml,clutter,5.0,rrt,2,6,1,0.0702,0.0704,293.814,31,49,57,
clutter_n005.yaml,clutter,5.0,rrt,2,7,1,0.0279,0.0281,205.589,22,22,12,
clutter_n005.yaml,clutter,5.0,rrt,2,8,1,0.0298,0.0299,210.0,22,24,20,
clutter_n005.yaml,clutter,5.0,rrt,2,9,1,0.0408,0.0409,210.0,22,32,21,
clutter_n005.yaml,clutter,5.0,rrt,2,10,1,0.0711,0.0713,337.206,35,50,41,
clutter_n005.yaml,clutter,5.0,rrt,2,11,1,0.0323,0.0325,205.491,22,24,15,
clutter_n005.yaml,clutter,5.0,rrt,2,12,1,0.0506,0.0507,268.511,28,38,35,
clutter_n005.yaml,clutter,5.0,rrt,2,13,1,0.0249,0.025,189.71,20,20,10,
clutter_n005.yaml,clutter,5.0,rrt,2,14,1,0.0583,0.0584,242.544,26,47,16,
clutter_n005.yaml,clutter,5.0,rrt,2,15,1,0.0336,0.0338,236.832,25,26,15,
clutter_n005.yaml,clutter,5.0,rrt,2,16,1,0.0256,0.0257,198.406,21,21,5,
clutter_n005.yaml,clutter,5.0,rrt,2,17,1,0.0262,0.0263,190.0,20,21,9,
clutter_n005.yaml,clutter,5.0,rrt,2,18,1,0.0505,0.0507,258.533,27,38,16,
clutter_n005.yaml,clutter,5.0,rrt,2,19,1,0.0481,0.0482,258.672,27,35,18,
clutter_n005.yaml,clutter,5.0,rrt,2,20,1,0.0389,0.0391,242.883,26,28,15,
clutter_n005.yaml,clutter,5.0,rrt,2,21,1,0.0407,0.0409,224.281,24,33,20,
clutter_n005.yaml,clutter,5.0,rrt,2,22,1,0.0539,0.0541,266.513,28,38,37,
clutter_n005.yaml,clutter,5.0,rrt,2,23,1,0.0699,0.0701,317.7,33,54,20,
clutter_n005.yaml,clutter,5.0,rrt,2,24,1,0.0546,0.0548,224.344,24,41,11,
clutter_n005.yaml,clutter,5.0,rrt,2,25,1,0.0379,0.0381,238.266,25,27,4,
clutter_n005.yaml,clutter,5.0,rrt,2,26,1,0.0461,0.0462,234.143,25,35,38,
clutter_n005.yaml,clutter,5.0,rrt,2,27,1,0.0503,0.0505,259.676,28,40,17,
clutter_n005.yaml,clutter,5.0,rrt,2,28,1,0.1051,0.1053,298.723,31,80,47,
clutter_n005.yaml,clutter,5.0,rrt,2,29,1,0.0392,0.0394,204.421,22,32,20,
clutter_n005.yaml,clutter,5.0,rrt-connect,2,0,1,0.0471,0.0473,267.737,28,36,28,
clutter_n005.yaml,clutter,5.0,rrt-connect,2,1,1,0.0311,0.0313,202.49,22,26,9,
clutter_n005.yaml,clutter,5.0,rrt-connect,2,2,1,0.0484,0.0486,234.579,25,35,27,
clutter_n005.yaml,clutter,5.0,rrt-connect,2,3,1,0.0278,0.0279,201.338,22,24,7,
clutter_n005.yaml,clutter,5.0,rrt-connect,2,4,1,0.0394,0.0396,251.683,27,34,18,
clutter_n005.yaml,clutter,5.0,rrt-connect,2,5,1,0.0264,0.0266,208.583,22,23,6,
clutter_n005.yaml,clutter,5.0,rrt-connect,2,6,1,0.028,0.0282,176.15,19,20,2,
clutter_n005.yaml,clutter,5.0,rrt-connect,2,7,1,0.0281,0.0283,204.382,22,23,6,
clutter_n005.yaml,clutter,5.0,rrt-connect,2,8,1,0.034,0.0342,235.664,25,29,13,
clutter_n005.yaml,clutter,5.0,rrt-connect,2,9,1,0.0315,0.0317,224.682,24,26,13,
clutter_n005.yaml,clutter,5.0,rrt-connect,2,10,1,0.0404,0.0405,238.725,25,32,14,
clutter_n005.yaml,clutter,5.0,rrt-connect,2,11,1,0.0468,0.047,240.266,26,37,30,
clutter_n005.yaml,clutter,5.0,rrt-connect,2,12,1,0.0244,0.0246,178.998,19,22,2,
clutter_n005.yaml,clutter,5.0,rrt-connect,2,13,1,0.0396,0.0398,237.454,25,32,10,
clutter_n005.yaml,clutter,5.0,rrt-connect,2,14,1,0.0311,0.0313,207.77,22,23,6,
clutter_n005.yaml,clutter,5.0,rrt-connect,2,15,1,0.0416,0.0418,222.111,24,30,15,
clutter_n005.yaml,clutter,5.0,rrt-connect,2,16,1,0.039,0.0391,225.326,24,33,14,
clutter_n005.yaml,clutter,5.0,rrt-connect,2,17,1,0.0269,0.0271,184.232,20,23,5,
clutter_n005.yaml,clutter,5.0,rrt-connect,2,18,1,0.0427,0.0428,214.79,23,33,16,
clutter_n005.yaml,clutter,5.0,rrt-connect,2,19,1,0.0334,0.0337,228.922,24,28,12,
clutter_n005.yaml,clutter,5.0,rrt-connect,2,20,1,0.0255,0.0256,197.265,21,22,4,
clutter_n005.yaml,clutter,5.0,rrt-connect,2,21,1,0.0449,0.045,243.03,26,33,27,
clutter_n005.yaml,clutter,5.0,rrt-connect,2,22,1,0.0511,0.0513,279.979,29,37,26,
clutter_n005.yaml,clutter,5.0,rrt-connect,2,23,1,0.0499,0.0501,271.599,29,39,26,
clutter_n005.yaml,clutter,5.0,rrt-connect,2,24,1,0.0443,0.0445,238.413,25,35,23,
clutter_n005.yaml,clutter,5.0,rrt-connect,2,25,1,0.0353,0.0354,233.928,25,29,11,
clutter_n005.yaml,clutter,5.0,rrt-connect,2,26,1,0.0354,0.0356,244.702,26,30,12,
clutter_n005.yaml,clutter,5.0,rrt-connect,2,27,1,0.0372,0.0374,230.981,25,32,14,
clutter_n005.yaml,clutter,5.0,rrt-connect,2,28,1,0.0412,0.0413,242.763,26,33,16,
clutter_n005.yaml,clutter,5.0,rrt-connect,2,29,1,0.0358,0.0359,242.207,26,28,13,
clutter_n010.yaml,clutter,10.0,rrt,2,0,1,0.0908,0.091,293.055,31,67,47,
clutter_n010.yaml,clutter,10.0,rrt,2,1,1,0.4206,0.4208,258.3,28,298,236,
clutter_n010.yaml,clutter,10.0,rrt,2,2,1,0.0195,0.0196,164.554,18,18,1,
clutter_n010.yaml,clutter,10.0,rrt,2,3,1,0.0196,0.0197,164.554,18,18,1,
clutter_n010.yaml,clutter,10.0,rrt,2,4,1,0.2243,0.2245,288.164,30,149,139,
clutter_n010.yaml,clutter,10.0,rrt,2,5,1,0.0198,0.0199,166.908,18,18,2,
clutter_n010.yaml,clutter,10.0,rrt,2,6,1,0.1545,0.1547,376.145,39,110,83,
clutter_n010.yaml,clutter,10.0,rrt,2,7,1,0.0553,0.0555,267.208,29,44,26,
clutter_n010.yaml,clutter,10.0,rrt,2,8,1,0.0198,0.0199,164.554,18,18,1,
clutter_n010.yaml,clutter,10.0,rrt,2,9,1,0.0232,0.0233,185.402,20,20,6,
clutter_n010.yaml,clutter,10.0,rrt,2,10,1,0.0221,0.0222,179.455,19,19,5,
clutter_n010.yaml,clutter,10.0,rrt,2,11,1,0.1918,0.1919,259.029,28,126,87,
clutter_n010.yaml,clutter,10.0,rrt,2,12,1,0.0674,0.0675,220.0,23,44,35,
clutter_n010.yaml,clutter,10.0,rrt,2,13,1,0.0191,0.0192,166.267,18,18,2,
clutter_n010.yaml,clutter,10.0,rrt,2,14,1,0.0319,0.032,215.509,23,26,16,
clutter_n010.yaml,clutter,10.0,rrt,2,15,1,0.1645,0.1646,305.582,33,120,100,
clutter_n010.yaml,clutter,10.0,rrt,2,16,1,0.6693,0.6694,292.957,31,478,474,
clutter_n010.yaml,clutter,10.0,rrt,2,17,1,0.0816,0.0817,247.171,26,61,30,
clutter_n010.yaml,clutter,10.0,rrt,2,18,1,0.048,0.0482,284.941,30,36,16,
clutter_n010.yaml,clutter,10.0,rrt,2,19,1,0.0207,0.0208,170.0,18,18,4,
clutter_n010.yaml,clutter,10.0,rrt,2,20,1,0.1091,0.1092,255.834,28,78,58,
clutter_n010.yaml,clutter,10.0,rrt,2,21,1,0.0202,0.0203,166.574,18,18,3,
clutter_n010.yaml,clutter,10.0,rrt,2,22,1,0.0206,0.0207,174.472,19,19,3,
clutter_n010.yaml,clutter,10.0,rrt,2,23,1,0.0199,0.0201,165.84,18,18,2,
clutter_n010.yaml,clutter,10.0,rrt,2,24,1,0.0368,0.037,223.633,24,30,11,
clutter_n010.yaml,clutter,10.0,rrt,2,25,1,0.0454,0.0458,244.46,26,33,4,
clutter_n010.yaml,clutter,10.0,rrt,2,26,1,0.0227,0.0229,168.987,18,18,2,
clutter_n010.yaml,clutter,10.0,rrt,2,27,1,0.0216,0.0217,166.79,18,18,2,
clutter_n010.yaml,clutter,10.0,rrt,2,28,1,0.3051,0.3052,297.218,31,223,179,
clutter_n010.yaml,clutter,10.0,rrt,2,29,1,0.0192,0.0193,164.554,18,18,1,
clutter_n010.yaml,clutter,10.0,rrt-connect,2,0,1,0.0206,0.0208,167.673,18,19,1,
clutter_n010.yaml,clutter,10.0,rrt-connect,2,1,1,0.0208,0.021,169.209,18,19,1,
clutter_n010.yaml,clutter,10.0,rrt-connect,2,2,1,0.02,0.0202,165.192,18,19,1,
clutter_n010.yaml,clutter,10.0,rrt-connect,2,3,1,0.0202,0.0203,168.211,18,19,1,
clutter_n010.yaml,clutter,10.0,rrt-connect,2,4,1,0.0205,0.0207,166.571,18,19,1,
clutter_n010.yaml,clutter,10.0,rrt-connect,2,5,1,0.0195,0.0197,166.908,18,19,1,
clutter_n010.yaml,clutter,10.0,rrt-connect,2,6,1,0.021,0.0212,166.9,18,19,1,
clutter_n010.yaml,clutter,10.0,rrt-connect,2,7,1,0.0195,0.0197,165.151,18,19,1,
clutter_n010.yaml,clutter,10.0,rrt-connect,2,8,1,0.0209,0.021,166.995,18,19,1,
clutter_n010.yaml,clutter,10.0,rrt-connect,2,9,1,0.0209,0.021,167.451,18,19,1,
clutter_n010.yaml,clutter,10.0,rrt-connect,2,10,1,0.0201,0.0202,168.018,18,19,1,
clutter_n010.yaml,clutter,10.0,rrt-connect,2,11,1,0.0193,0.0195,165.823,18,19,1,
clutter_n010.yaml,clutter,10.0,rrt-connect,2,12,1,0.0207,0.0209,168.004,18,19,1,
clutter_n010.yaml,clutter,10.0,rrt-connect,2,13,1,0.0208,0.0209,166.267,18,19,1,
clutter_n010.yaml,clutter,10.0,rrt-connect,2,14,1,0.02,0.0202,167.665,18,19,1,
clutter_n010.yaml,clutter,10.0,rrt-connect,2,15,1,0.0205,0.0207,167.514,18,19,1,
clutter_n010.yaml,clutter,10.0,rrt-connect,2,16,1,0.0458,0.0459,197.205,21,35,14,
clutter_n010.yaml,clutter,10.0,rrt-connect,2,17,1,0.0202,0.0204,167.546,18,19,1,
clutter_n010.yaml,clutter,10.0,rrt-connect,2,18,1,0.0212,0.0213,166.318,18,19,1,
clutter_n010.yaml,clutter,10.0,rrt-connect,2,19,1,0.0248,0.0249,167.014,18,19,1,
clutter_n010.yaml,clutter,10.0,rrt-connect,2,20,1,0.0443,0.0445,238.363,25,31,15,
clutter_n010.yaml,clutter,10.0,rrt-connect,2,21,1,0.0199,0.02,165.03,18,19,1,
clutter_n010.yaml,clutter,10.0,rrt-connect,2,22,1,0.0195,0.0197,169.194,18,19,1,
clutter_n010.yaml,clutter,10.0,rrt-connect,2,23,1,0.0198,0.0201,165.84,18,19,1,
clutter_n010.yaml,clutter,10.0,rrt-connect,2,24,1,0.0207,0.0208,167.346,18,19,1,
clutter_n010.yaml,clutter,10.0,rrt-connect,2,25,1,0.023,0.0232,173.436,19,20,1,
clutter_n010.yaml,clutter,10.0,rrt-connect,2,26,1,0.0202,0.0203,168.987,18,19,1,
clutter_n010.yaml,clutter,10.0,rrt-connect,2,27,1,0.0206,0.0208,166.79,18,19,1,
clutter_n010.yaml,clutter,10.0,rrt-connect,2,28,1,0.0189,0.0191,167.869,18,19,1,
clutter_n010.yaml,clutter,10.0,rrt-connect,2,29,1,0.0215,0.0217,168.236,18,19,1,
clutter_n020.yaml,clutter,20.0,rrt,2,0,1,0.0505,0.0507,234.547,25,39,24,
clutter_n020.yaml,clutter,20.0,rrt,2,1,1,1.248,1.2481,263.154,29,886,861,
clutter_n020.yaml,clutter,20.0,rrt,2,2,1,0.3016,0.3017,170.0,18,225,201,
clutter_n020.yaml,clutter,20.0,rrt,2,3,1,0.312,0.3122,193.967,21,222,188,
clutter_n020.yaml,clutter,20.0,rrt,2,4,1,0.1296,0.1298,274.724,29,86,44,
clutter_n020.yaml,clutter,20.0,rrt,2,5,1,0.3314,0.3315,182.393,20,248,214,
clutter_n020.yaml,clutter,20.0,rrt,2,6,1,0.0366,0.0367,218.024,23,29,3,
clutter_n020.yaml,clutter,20.0,rrt,2,7,1,0.4293,0.4294,225.471,23,283,281,
clutter_n020.yaml,clutter,20.0,rrt,2,8,1,0.6404,0.6406,173.37,19,468,426,
clutter_n020.yaml,clutter,20.0,rrt,2,9,1,0.0649,0.0651,283.604,30,49,45,
clutter_n020.yaml,clutter,20.0,rrt,2,10,1,0.4333,0.4335,436.824,47,304,257,
clutter_n020.yaml,clutter,20.0,rrt,2,11,1,0.271,0.2712,247.866,26,186,154,
clutter_n020.yaml,clutter,20.0,rrt,2,12,1,0.0623,0.0625,272.689,29,46,22,
clutter_n020.yaml,clutter,20.0,rrt,2,13,1,1.3,1.3001,186.982,20,941,972,
clutter_n020.yaml,clutter,20.0,rrt,2,14,1,0.5326,0.5328,293.003,32,388,385,
clutter_n020.yaml,clutter,20.0,rrt,2,15,1,0.0351,0.0353,223.269,24,29,5,
clutter_n020.yaml,clutter,20.0,rrt,2,16,1,0.9106,0.9108,464.759,52,660,599,
clutter_n020.yaml,clutter,20.0,rrt,2,17,1,3.2485,3.2486,288.55,30,2317,2483,
clutter_n020.yaml,clutter,20.0,rrt,2,18,1,0.0893,0.0894,256.721,27,69,48,
clutter_n020.yaml,clutter,20.0,rrt,2,19,1,0.057,0.0572,237.028,25,43,27,
clutter_n020.yaml,clutter,20.0,rrt,2,20,1,0.1383,0.1384,219.475,24,98,58,
clutter_n020.yaml,clutter,20.0,rrt,2,21,1,1.5043,1.5045,242.076,26,1100,1180,
clutter_n020.yaml,clutter,20.0,rrt,2,22,1,0.0526,0.0527,192.911,21,40,25,
clutter_n020.yaml,clutter,20.0,rrt,2,23,1,0.1015,0.1017,174.988,19,75,68,
clutter_n020.yaml,clutter,20.0,rrt,2,24,1,0.1659,0.1661,250.624,27,127,77,
clutter_n020.yaml,clutter,20.0,rrt,2,25,1,1.5106,1.5108,417.515,44,1106,1082,
clutter_n020.yaml,clutter,20.0,rrt,2,26,1,0.1894,0.1895,193.997,21,137,120,
clutter_n020.yaml,clutter,20.0,rrt,2,27,1,0.3014,0.3015,180.0,19,221,201,
clutter_n020.yaml,clutter,20.0,rrt,2,28,1,0.3303,0.3305,357.195,38,246,179,
clutter_n020.yaml,clutter,20.0,rrt,2,29,1,0.2551,0.2552,170.0,18,169,123,
clutter_n020.yaml,clutter,20.0,rrt-connect,2,0,1,0.039,0.0392,244.544,26,29,24,
clutter_n020.yaml,clutter,20.0,rrt-connect,2,1,1,0.0308,0.031,234.989,25,26,23,
clutter_n020.yaml,clutter,20.0,rrt-connect,2,2,1,0.0389,0.0392,237.109,25,31,23,
clutter_n020.yaml,clutter,20.0,rrt-connect,2,3,1,0.062,0.0622,280.796,30,47,53,
clutter_n020.yaml,clutter,20.0,rrt-connect,2,4,1,0.0479,0.0481,229.885,24,36,46,
clutter_n020.yaml,clutter,20.0,rrt-connect,2,5,1,0.0462,0.0463,233.177,25,35,42,
clutter_n020.yaml,clutter,20.0,rrt-connect,2,6,1,0.04,0.0402,214.8,23,31,19,
clutter_n020.yaml,clutter,20.0,rrt-connect,2,7,1,0.0306,0.0308,223.984,24,25,17,
clutter_n020.yaml,clutter,20.0,rrt-connect,2,8,1,0.0323,0.0325,220.067,24,26,24,
clutter_n020.yaml,clutter,20.0,rrt-connect,2,9,1,0.0751,0.0753,264.249,28,56,64,
clutter_n020.yaml,clutter,20.0,rrt-connect,2,10,1,0.0436,0.0437,251.798,27,33,33,
clutter_n020.yaml,clutter,20.0,rrt-connect,2,11,1,0.0503,0.0505,241.85,26,35,47,
clutter_n020.yaml,clutter,20.0,rrt-connect,2,12,1,0.0755,0.0757,250.603,27,57,61,
clutter_n020.yaml,clutter,20.0,rrt-connect,2,13,1,0.0265,0.0266,193.859,21,23,12,
clutter_n020.yaml,clutter,20.0,rrt-connect,2,14,1,0.0377,0.0379,222.616,24,30,33,
clutter_n020.yaml,clutter,20.0,rrt-connect,2,15,1,0.036,0.0361,246.513,26,29,23,
clutter_n020.yaml,clutter,20.0,rrt-connect,2,16,1,0.0397,0.0399,222.821,24,32,32,
clutter_n020.yaml,clutter,20.0,rrt-connect,2,17,1,0.0511,0.0512,240.944,26,38,39,
clutter_n020.yaml,clutter,20.0,rrt-connect,2,18,1,0.1075,0.1077,284.221,30,76,116,
clutter_n020.yaml,clutter,20.0,rrt-connect,2,19,1,0.0422,0.0424,240.702,26,34,33,
clutter_n020.yaml,clutter,20.0,rrt-connect,2,20,1,0.0355,0.0357,239.516,25,28,21,
clutter_n020.yaml,clutter,20.0,rrt-connect,2,21,1,0.0819,0.082,271.228,29,62,73,
clutter_n020.yaml,clutter,20.0,rrt-connect,2,22,1,0.0756,0.0758,267.158,28,55,91,
clutter_n020.yaml,clutter,20.0,rrt-connect,2,23,1,0.0407,0.0409,277.471,29,31,31,
clutter_n020.yaml,clutter,20.0,rrt-connect,2,24,1,0.0313,0.0315,211.713,23,25,17,
clutter_n020.yaml,clutter,20.0,rrt-connect,2,25,1,0.0298,0.03,211.28,23,25,14,
clutter_n020.yaml,clutter,20.0,rrt-connect,2,26,1,0.0358,0.0359,252.87,27,29,19,
clutter_n020.yaml,clutter,20.0,rrt-connect,2,27,1,0.0296,0.0298,216.692,23,25,13,
clutter_n020.yaml,clutter,20.0,rrt-connect,2,28,1,0.0606,0.0607,293.652,31,46,52,
clutter_n020.yaml,clutter,20.0,rrt-connect,2,29,1,0.0321,0.0322,227.222,24,26,14,
clutter_n030.yaml,clutter,30.0,rrt,2,0,1,0.0394,0.0396,216.005,23,30,24,
clutter_n030.yaml,clutter,30.0,rrt,2,1,1,0.0712,0.0713,243.134,26,49,37,
clutter_n030.yaml,clutter,30.0,rrt,2,2,1,0.0197,0.0198,164.554,18,18,1,
clutter_n030.yaml,clutter,30.0,rrt,2,3,1,0.0194,0.0196,164.554,18,18,1,
clutter_n030.yaml,clutter,30.0,rrt,2,4,1,0.0456,0.0458,269.083,28,33,9,
clutter_n030.yaml,clutter,30.0,rrt,2,5,1,0.0199,0.0201,166.908,18,18,2,
clutter_n030.yaml,clutter,30.0,rrt,2,6,1,0.1065,0.1067,333.921,35,73,66,
clutter_n030.yaml,clutter,30.0,rrt,2,7,1,0.0363,0.0365,222.986,24,29,16,
clutter_n030.yaml,clutter,30.0,rrt,2,8,1,0.0191,0.0192,164.554,18,18,1,
clutter_n030.yaml,clutter,30.0,rrt,2,9,1,0.0237,0.0238,185.402,20,20,6,
clutter_n030.yaml,clutter,30.0,rrt,2,10,1,0.0219,0.022,179.455,19,19,5,
clutter_n030.yaml,clutter,30.0,rrt,2,11,1,0.0399,0.0401,253.102,28,31,10,
clutter_n030.yaml,clutter,30.0,rrt,2,12,1,0.0657,0.0658,228.258,24,43,15,
clutter_n030.yaml,clutter,30.0,rrt,2,13,1,0.0205,0.0207,166.267,18,18,2,
clutter_n030.yaml,clutter,30.0,rrt,2,14,1,0.0645,0.0647,223.545,24,47,16,
clutter_n030.yaml,clutter,30.0,rrt,2,15,1,0.0277,0.0279,206.511,22,23,5,
clutter_n030.yaml,clutter,30.0,rrt,2,16,1,0.0676,0.0678,223.166,23,47,47,
clutter_n030.yaml,clutter,30.0,rrt,2,17,1,0.2248,0.225,352.774,37,162,130,
clutter_n030.yaml,clutter,30.0,rrt,2,18,1,0.0541,0.0543,242.727,26,42,16,
clutter_n030.yaml,clutter,30.0,rrt,2,19,1,0.0212,0.0214,170.0,18,18,4,
clutter_n030.yaml,clutter,30.0,rrt,2,20,1,0.0859,0.086,250.872,27,67,40,
clutter_n030.yaml,clutter,30.0,rrt,2,21,1,0.1393,0.1394,207.247,22,101,91,
clutter_n030.yaml,clutter,30.0,rrt,2,22,1,0.0216,0.0217,174.472,19,19,3,
clutter_n030.yaml,clutter,30.0,rrt,2,23,1,0.0223,0.0225,165.84,18,18,2,
clutter_n030.yaml,clutter,30.0,rrt,2,24,1,0.0278,0.0279,206.534,22,23,3,
clutter_n030.yaml,clutter,30.0,rrt,2,25,1,0.04,0.0401,236.858,25,30,4,
clutter_n030.yaml,clutter,30.0,rrt,2,26,1,0.0209,0.021,168.987,18,18,2,
clutter_n030.yaml,clutter,30.0,rrt,2,27,1,0.0206,0.0208,166.79,18,18,2,
clutter_n030.yaml,clutter,30.0,rrt,2,28,1,0.1079,0.1081,250.0,26,80,47,
clutter_n030.yaml,clutter,30.0,rrt,2,29,1,0.0206,0.0208,164.554,18,18,1,
clutter_n030.yaml,clutter,30.0,rrt-connect,2,0,1,0.0219,0.022,167.673,18,19,1,
clutter_n030.yaml,clutter,30.0,rrt-connect,2,1,1,0.0203,0.0205,169.209,18,19,1,
clutter_n030.yaml,clutter,30.0,rrt-connect,2,2,1,0.0211,0.0212,165.192,18,19,1,
clutter_n030.yaml,clutter,30.0,rrt-connect,2,3,1,0.0203,0.0205,168.211,18,19,1,
clutter_n030.yaml,clutter,30.0,rrt-connect,2,4,1,0.0201,0.0203,166.571,18,19,1,
clutter_n030.yaml,clutter,30.0,rrt-connect,2,5,1,0.0195,0.0197,166.908,18,19,1,
clutter_n030.yaml,clutter,30.0,rrt-connect,2,6,1,0.0219,0.022,166.9,18,19,1,
clutter_n030.yaml,clutter,30.0,rrt-connect,2,7,1,0.0198,0.0199,165.151,18,19,1,
clutter_n030.yaml,clutter,30.0,rrt-connect,2,8,1,0.0197,0.0199,166.995,18,19,1,
clutter_n030.yaml,clutter,30.0,rrt-connect,2,9,1,0.0202,0.0205,167.451,18,19,1,
clutter_n030.yaml,clutter,30.0,rrt-connect,2,10,1,0.0204,0.0205,168.018,18,19,1,
clutter_n030.yaml,clutter,30.0,rrt-connect,2,11,1,0.0197,0.0198,165.823,18,19,1,
clutter_n030.yaml,clutter,30.0,rrt-connect,2,12,1,0.021,0.0211,168.004,18,19,1,
clutter_n030.yaml,clutter,30.0,rrt-connect,2,13,1,0.0207,0.0208,166.267,18,19,1,
clutter_n030.yaml,clutter,30.0,rrt-connect,2,14,1,0.0195,0.0196,167.665,18,19,1,
clutter_n030.yaml,clutter,30.0,rrt-connect,2,15,1,0.0198,0.0199,167.514,18,19,1,
clutter_n030.yaml,clutter,30.0,rrt-connect,2,16,1,0.0209,0.021,170.378,19,20,1,
clutter_n030.yaml,clutter,30.0,rrt-connect,2,17,1,0.0201,0.0203,167.546,18,19,1,
clutter_n030.yaml,clutter,30.0,rrt-connect,2,18,1,0.0207,0.0208,166.318,18,19,1,
clutter_n030.yaml,clutter,30.0,rrt-connect,2,19,1,0.0197,0.0198,167.014,18,19,1,
clutter_n030.yaml,clutter,30.0,rrt-connect,2,20,1,0.0206,0.0207,168.852,18,19,1,
clutter_n030.yaml,clutter,30.0,rrt-connect,2,21,1,0.0214,0.0215,165.03,18,19,1,
clutter_n030.yaml,clutter,30.0,rrt-connect,2,22,1,0.0205,0.0206,169.194,18,19,1,
clutter_n030.yaml,clutter,30.0,rrt-connect,2,23,1,0.0206,0.0208,165.84,18,19,1,
clutter_n030.yaml,clutter,30.0,rrt-connect,2,24,1,0.0199,0.0201,167.346,18,19,1,
clutter_n030.yaml,clutter,30.0,rrt-connect,2,25,1,0.0207,0.0208,173.436,19,20,1,
clutter_n030.yaml,clutter,30.0,rrt-connect,2,26,1,0.0205,0.0206,168.987,18,19,1,
clutter_n030.yaml,clutter,30.0,rrt-connect,2,27,1,0.0213,0.0214,166.79,18,19,1,
clutter_n030.yaml,clutter,30.0,rrt-connect,2,28,1,0.0197,0.0198,167.869,18,19,1,
clutter_n030.yaml,clutter,30.0,rrt-connect,2,29,1,0.0215,0.0216,168.236,18,19,1,
clutter_n040.yaml,clutter,40.0,rrt,2,0,1,0.1145,0.1148,410.0,42,72,136,
clutter_n040.yaml,clutter,40.0,rrt,2,1,1,0.0575,0.0577,267.033,28,40,63,
clutter_n040.yaml,clutter,40.0,rrt,2,2,1,0.0205,0.0207,164.554,18,18,1,
clutter_n040.yaml,clutter,40.0,rrt,2,3,1,0.0185,0.0187,164.554,18,18,1,
clutter_n040.yaml,clutter,40.0,rrt,2,4,1,0.0797,0.0799,323.204,34,55,89,
clutter_n040.yaml,clutter,40.0,rrt,2,5,1,0.0369,0.037,205.452,22,29,24,
clutter_n040.yaml,clutter,40.0,rrt,2,6,1,0.1202,0.1204,284.999,30,88,66,
clutter_n040.yaml,clutter,40.0,rrt,2,7,1,0.0802,0.0803,263.425,28,52,96,
clutter_n040.yaml,clutter,40.0,rrt,2,8,1,0.0185,0.0186,164.554,18,18,1,
clutter_n040.yaml,clutter,40.0,rrt,2,9,1,0.0396,0.0397,198.57,21,29,39,
clutter_n040.yaml,clutter,40.0,rrt,2,10,1,0.0489,0.049,216.04,23,36,60,
clutter_n040.yaml,clutter,40.0,rrt,2,11,1,0.0346,0.0347,228.252,25,26,10,
clutter_n040.yaml,clutter,40.0,rrt,2,12,1,0.0349,0.0351,204.229,22,26,22,
clutter_n040.yaml,clutter,40.0,rrt,2,13,1,0.0203,0.0205,166.267,18,18,2,
clutter_n040.yaml,clutter,40.0,rrt,2,14,1,0.2688,0.269,250.0,26,190,253,
clutter_n040.yaml,clutter,40.0,rrt,2,15,1,0.1695,0.1697,269.687,28,119,140,
clutter_n040.yaml,clutter,40.0,rrt,2,16,1,0.0653,0.0655,212.487,23,41,69,
clutter_n040.yaml,clutter,40.0,rrt,2,17,1,0.1127,0.1129,320.0,33,76,130,
clutter_n040.yaml,clutter,40.0,rrt,2,18,1,0.2866,0.2868,398.802,42,201,288,
clutter_n040.yaml,clutter,40.0,rrt,2,19,1,0.0353,0.0355,188.468,20,29,18,
clutter_n040.yaml,clutter,40.0,rrt,2,20,1,0.4346,0.4347,267.375,29,308,359,
clutter_n040.yaml,clutter,40.0,rrt,2,21,1,0.3625,0.3626,263.897,28,253,311,
clutter_n040.yaml,clutter,40.0,rrt,2,22,1,0.4514,0.4515,443.391,46,306,380,
clutter_n040.yaml,clutter,40.0,rrt,2,23,1,0.6666,0.6668,462.868,48,464,606,
clutter_n040.yaml,clutter,40.0,rrt,2,24,1,0.0337,0.0338,223.805,24,27,3,
clutter_n040.yaml,clutter,40.0,rrt,2,25,1,0.5483,0.5484,396.732,41,381,464,
clutter_n040.yaml,clutter,40.0,rrt,2,26,1,0.0203,0.0204,168.987,18,18,2,
clutter_n040.yaml,clutter,40.0,rrt,2,27,1,0.0207,0.0209,166.79,18,18,2,
clutter_n040.yaml,clutter,40.0,rrt,2,28,1,0.2974,0.2976,378.245,41,212,273,
clutter_n040.yaml,clutter,40.0,rrt,2,29,1,0.0193,0.0194,164.554,18,18,1,
clutter_n040.yaml,clutter,40.0,rrt-connect,2,0,1,0.0212,0.0213,167.673,18,19,1,
clutter_n040.yaml,clutter,40.0,rrt-connect,2,1,1,0.0331,0.0333,205.078,22,27,13,
clutter_n040.yaml,clutter,40.0,rrt-connect,2,2,1,0.0195,0.0196,165.192,18,19,1,
clutter_n040.yaml,clutter,40.0,rrt-connect,2,3,1,0.0201,0.0202,168.211,18,19,1,
clutter_n040.yaml,clutter,40.0,rrt-connect,2,4,1,0.0199,0.02,166.571,18,19,1,
clutter_n040.yaml,clutter,40.0,rrt-connect,2,5,1,0.0206,0.0208,177.98,19,20,2,
clutter_n040.yaml,clutter,40.0,rrt-connect,2,6,1,0.0199,0.02,166.9,18,19,1,
clutter_n040.yaml,clutter,40.0,rrt-connect,2,7,1,0.019,0.0191,165.151,18,19,1,
clutter_n040.yaml,clutter,40.0,rrt-connect,2,8,1,0.0809,0.081,222.053,24,53,111,
clutter_n040.yaml,clutter,40.0,rrt-connect,2,9,1,0.0246,0.0248,167.451,18,19,1,
clutter_n040.yaml,clutter,40.0,rrt-connect,2,10,1,0.0215,0.0217,168.018,18,19,1,
clutter_n040.yaml,clutter,40.0,rrt-connect,2,11,1,0.0199,0.0202,165.823,18,19,1,
clutter_n040.yaml,clutter,40.0,rrt-connect,2,12,1,0.0337,0.0338,198.257,21,29,19,
clutter_n040.yaml,clutter,40.0,rrt-connect,2,13,1,0.0195,0.0197,166.267,18,19,1,
clutter_n040.yaml,clutter,40.0,rrt-connect,2,14,1,0.0193,0.0194,167.665,18,19,1,
clutter_n040.yaml,clutter,40.0,rrt-connect,2,15,1,0.0256,0.0258,180.203,20,23,7,
clutter_n040.yaml,clutter,40.0,rrt-connect,2,16,1,0.0742,0.0743,209.568,22,53,73,
clutter_n040.yaml,clutter,40.0,rrt-connect,2,17,1,0.0198,0.02,167.546,18,19,1,
clutter_n040.yaml,clutter,40.0,rrt-connect,2,18,1,0.0219,0.022,169.668,18,19,3,
clutter_n040.yaml,clutter,40.0,rrt-connect,2,19,1,0.0242,0.0243,177.777,19,22,2,
clutter_n040.yaml,clutter,40.0,rrt-connect,2,20,1,0.06,0.0602,309.901,32,42,51,
clutter_n040.yaml,clutter,40.0,rrt-connect,2,21,1,0.0217,0.0218,165.03,18,19,1,
clutter_n040.yaml,clutter,40.0,rrt-connect,2,22,1,0.0213,0.0214,169.194,18,19,1,
clutter_n040.yaml,clutter,40.0,rrt-connect,2,23,1,0.0244,0.0246,178.791,19,21,6,
clutter_n040.yaml,clutter,40.0,rrt-connect,2,24,1,0.0201,0.0203,167.346,18,19,1,
clutter_n040.yaml,clutter,40.0,rrt-connect,2,25,1,0.0365,0.0367,211.452,23,30,32,
clutter_n040.yaml,clutter,40.0,rrt-connect,2,26,1,0.0198,0.0199,168.987,18,19,1,
clutter_n040.yaml,clutter,40.0,rrt-connect,2,27,1,0.0206,0.0207,166.79,18,19,1,
clutter_n040.yaml,clutter,40.0,rrt-connect,2,28,1,0.0201,0.0202,167.869,18,19,1,
clutter_n040.yaml,clutter,40.0,rrt-connect,2,29,1,0.0192,0.0193,168.236,18,19,1,
passage_w010.yaml,passage,10.0,rrt,2,0,1,2.0346,2.0349,517.201,56,1282,2286,
passage_w010.yaml,passage,10.0,rrt,2,1,1,2.472,2.4722,576.161,61,1546,3435,
passage_w010.yaml,passage,10.0,rrt,2,2,1,5.6665,5.6667,488.333,53,3320,8073,
passage_w010.yaml,passage,10.0,rrt,2,3,1,0.7595,0.7598,454.394,48,485,968,
passage_w010.yaml,passage,10.0,rrt,2,4,1,5.1261,5.1264,568.497,61,3206,6161,
passage_w010.yaml,passage,10.0,rrt,2,5,1,8.1155,8.1157,496.114,52,5077,9275,
passage_w010.yaml,passage,10.0,rrt,2,6,1,5.6668,5.667,637.658,67,3384,7774,
passage_w010.yaml,passage,10.0,rrt,2,7,1,0.1544,0.1546,322.794,34,114,157,
passage_w010.yaml,passage,10.0,rrt,2,8,1,3.0827,3.083,547.938,57,2093,3037,
passage_w010.yaml,passage,10.0,rrt,2,9,1,0.4285,0.4287,440.729,46,289,521,
passage_w010.yaml,passage,10.0,rrt,2,10,1,0.8203,0.8205,447.82,47,475,1392,
passage_w010.yaml,passage,10.0,rrt,2,11,1,1.5756,1.5759,533.688,56,1051,1833,
passage_w010.yaml,passage,10.0,rrt,2,12,1,1.5796,1.5798,394.469,41,921,2917,
passage_w010.yaml,passage,10.0,rrt,2,13,1,6.5038,6.5041,597.121,66,4239,6403,
passage_w010.yaml,passage,10.0,rrt,2,14,1,2.4683,2.4685,485.3,51,1495,3245,
passage_w010.yaml,passage,10.0,rrt,2,15,1,3.3291,3.3293,530.697,59,2191,3301,
passage_w010.yaml,passage,10.0,rrt,2,16,1,4.1032,4.1034,615.128,65,2603,5417,
passage_w010.yaml,passage,10.0,rrt,2,17,1,9.7054,9.7056,471.975,50,5931,12858,
passage_w010.yaml,passage,10.0,rrt,2,18,1,4.704,4.7042,539.18,55,2949,6776,
passage_w010.yaml,passage,10.0,rrt,2,19,1,2.0213,2.0215,537.59,57,1284,2274,
passage_w010.yaml,passage,10.0,rrt,2,20,1,4.9343,4.9345,569.558,60,3209,5831,
passage_w010.yaml,passage,10.0,rrt,2,21,1,8.4753,8.4755,456.324,47,4972,10933,
passage_w010.yaml,passage,10.0,rrt,2,22,1,4.5832,4.5834,523.57,55,3038,4916,
passage_w010.yaml,passage,10.0,rrt,2,23,1,1.7265,1.7267,499.136,52,1086,2185,
passage_w010.yaml,passage,10.0,rrt,2,24,1,2.4601,2.4603,474.274,49,1637,2911,
passage_w010.yaml,passage,10.0,rrt,2,25,1,0.5344,0.5346,431.476,45,374,464,
passage_w010.yaml,passage,10.0,rrt,2,26,1,0.2585,0.2587,379.889,39,176,284,
passage_w010.yaml,passage,10.0,rrt,2,27,1,3.3789,3.3791,456.898,48,1845,5896,
passage_w010.yaml,passage,10.0,rrt,2,28,1,0.8655,0.8657,550.11,58,555,1325,
passage_w010.yaml,passage,10.0,rrt,2,29,1,4.1894,4.1896,537.216,57,2405,7100,
passage_w010.yaml,passage,10.0,rrt-connect,2,0,1,2.2418,2.242,515.891,53,1309,3148,
passage_w010.yaml,passage,10.0,rrt-connect,2,1,1,1.742,1.7422,515.001,53,1059,2228,
passage_w010.yaml,passage,10.0,rrt-connect,2,2,1,0.113,0.1132,352.872,37,77,125,
passage_w010.yaml,passage,10.0,rrt-connect,2,3,1,0.5491,0.5493,532.394,55,345,672,
passage_w010.yaml,passage,10.0,rrt-connect,2,4,1,0.7954,0.7956,347.998,36,494,969,
passage_w010.yaml,passage,10.0,rrt-connect,2,5,1,4.1199,4.1201,487.616,50,2304,6061,
passage_w010.yaml,passage,10.0,rrt-connect,2,6,1,0.7941,0.7943,505.99,52,486,982,
passage_w010.yaml,passage,10.0,rrt-connect,2,7,1,3.4558,3.456,546.418,56,1905,5330,
passage_w010.yaml,passage,10.0,rrt-connect,2,8,1,0.2048,0.205,446.234,46,133,275,
passage_w010.yaml,passage,10.0,rrt-connect,2,9,1,1.3357,1.3359,547.254,56,779,2085,
passage_w010.yaml,passage,10.0,rrt-connect,2,10,1,0.6394,0.6396,466.108,48,387,888,
passage_w010.yaml,passage,10.0,rrt-connect,2,11,1,0.1349,0.1351,411.69,43,92,149,
passage_w010.yaml,passage,10.0,rrt-connect,2,12,1,2.1781,2.1784,657.192,67,1286,2747,
passage_w010.yaml,passage,10.0,rrt-connect,2,13,1,2.0628,2.063,553.474,57,1213,2510,
passage_w010.yaml,passage,10.0,rrt-connect,2,14,1,0.8582,0.8584,483.073,50,533,1112,
passage_w010.yaml,passage,10.0,rrt-connect,2,15,1,0.1377,0.1379,422.188,44,95,148,
passage_w010.yaml,passage,10.0,rrt-connect,2,16,1,0.8236,0.8238,667.217,68,505,1135,
passage_w010.yaml,passage,10.0,rrt-connect,2,17,1,2.0135,2.0137,586.962,60,1165,2756,
passage_w010.yaml,passage,10.0,rrt-connect,2,18,1,1.6034,1.6036,471.201,49,960,2069,
passage_w010.yaml,passage,10.0,rrt-connect,2,19,1,0.5405,0.5407,436.629,45,334,704,
passage_w010.yaml,passage,10.0,rrt-connect,2,20,1,0.1148,0.115,341.141,36,80,120,
passage_w010.yaml,passage,10.0,rrt-connect,2,21,1,0.4158,0.416,408.503,42,262,571,
passage_w010.yaml,passage,10.0,rrt-connect,2,22,1,1.1555,1.1557,647.156,66,698,1313,
passage_w010.yaml,passage,10.0,rrt-connect,2,23,1,0.8642,0.8647,523.051,54,507,1084,
passage_w010.yaml,passage,10.0,rrt-connect,2,24,1,0.1629,0.1633,415.029,43,110,181,
passage_w010.yaml,passage,10.0,rrt-connect,2,25,1,0.0796,0.0798,321.602,34,58,75,
passage_w010.yaml,passage,10.0,rrt-connect,2,26,1,1.5003,1.5005,554.679,57,863,2079,
passage_w010.yaml,passage,10.0,rrt-connect,2,27,1,0.2288,0.229,449.63,46,149,224,
passage_w010.yaml,passage,10.0,rrt-connect,2,28,1,0.131,0.1312,370.405,39,86,156,
passage_w010.yaml,passage,10.0,rrt-connect,2,29,1,0.11,0.1102,377.591,39,76,139,
passage_w015.yaml,passage,15.0,rrt,2,0,1,0.0439,0.0441,279.319,29,32,24,
passage_w015.yaml,passage,15.0,rrt,2,1,1,2.878,2.8782,486.182,52,1767,3704,
passage_w015.yaml,passage,15.0,rrt,2,2,1,2.0315,2.0316,380.399,39,1260,2260,
passage_w015.yaml,passage,15.0,rrt,2,3,1,2.9384,2.9386,577.41,60,1951,2879,
passage_w015.yaml,passage,15.0,rrt,2,4,1,0.51,0.5101,419.13,44,356,520,
passage_w015.yaml,passage,15.0,rrt,2,5,1,0.7,0.7002,533.485,57,456,629,
passage_w015.yaml,passage,15.0,rrt,2,6,1,1.1807,1.1808,509.622,53,817,1017,
passage_w015.yaml,passage,15.0,rrt,2,7,1,2.1772,2.1774,538.214,57,1330,2677,
passage_w015.yaml,passage,15.0,rrt,2,8,1,1.6045,1.6048,468.568,49,1087,1431,
passage_w015.yaml,passage,15.0,rrt,2,9,1,0.0807,0.0808,309.505,32,59,79,
passage_w015.yaml,passage,15.0,rrt,2,10,1,1.0533,1.0535,461.133,49,657,1392,
passage_w015.yaml,passage,15.0,rrt,2,11,1,0.2652,0.2654,350.0,36,176,322,
passage_w015.yaml,passage,15.0,rrt,2,12,1,1.9385,1.9388,567.746,60,1287,2225,
passage_w015.yaml,passage,15.0,rrt,2,13,1,0.1242,0.1243,295.7,31,89,102,
passage_w015.yaml,passage,15.0,rrt,2,14,1,0.5584,0.5586,453.494,47,349,703,
passage_w015.yaml,passage,15.0,rrt,2,15,1,0.4775,0.4777,296.121,31,320,606,
passage_w015.yaml,passage,15.0,rrt,2,16,1,2.5964,2.5966,564.0,60,1726,2713,
passage_w015.yaml,passage,15.0,rrt,2,17,1,3.4845,3.4847,343.461,37,1964,4416,
passage_w015.yaml,passage,15.0,rrt,2,18,1,4.3769,4.3771,634.352,66,2676,6203,
passage_w015.yaml,passage,15.0,rrt,2,19,1,0.1605,0.1607,312.853,33,114,152,
passage_w015.yaml,passage,15.0,rrt,2,20,1,2.5561,2.5563,659.321,70,1725,2505,
passage_w015.yaml,passage,15.0,rrt,2,21,1,3.6628,3.663,481.948,50,2254,4596,
passage_w015.yaml,passage,15.0,rrt,2,22,1,0.8655,0.8657,484.215,51,544,963,
passage_w015.yaml,passage,15.0,rrt,2,23,1,2.8655,2.8657,572.059,62,1832,3029,
passage_w015.yaml,passage,15.0,rrt,2,24,1,0.6255,0.6257,429.867,45,436,616,
passage_w015.yaml,passage,15.0,rrt,2,25,1,0.5303,0.5304,431.476,45,374,464,
passage_w015.yaml,passage,15.0,rrt,2,26,1,1.1845,1.1849,480.702,51,798,1009,
passage_w015.yaml,passage,15.0,rrt,2,27,1,2.7965,2.7967,597.156,63,1893,2903,
passage_w015.yaml,passage,15.0,rrt,2,28,1,1.0935,1.0937,500.092,54,704,1325,
passage_w015.yaml,passage,15.0,rrt,2,29,1,0.5991,0.5993,406.984,43,384,654,
passage_w015.yaml,passage,15.0,rrt-connect,2,0,1,0.0712,0.0714,350.628,37,54,56,
passage_w015.yaml,passage,15.0,rrt-connect,2,1,1,0.3681,0.3683,418.829,43,234,473,
passage_w015.yaml,passage,15.0,rrt-connect,2,2,1,0.0665,0.0667,320.997,34,49,68,
passage_w015.yaml,passage,15.0,rrt-connect,2,3,1,0.1321,0.1323,348.326,36,89,139,
passage_w015.yaml,passage,15.0,rrt-connect,2,4,1,0.1119,0.1121,376.53,39,76,120,
passage_w015.yaml,passage,15.0,rrt-connect,2,5,1,0.1889,0.1891,369.064,38,122,216,
passage_w015.yaml,passage,15.0,rrt-connect,2,6,1,0.2943,0.2945,466.024,48,189,346,
passage_w015.yaml,passage,15.0,rrt-connect,2,7,1,0.1467,0.1469,391.707,41,101,138,
passage_w015.yaml,passage,15.0,rrt-connect,2,8,1,0.0835,0.0837,370.078,39,59,79,
passage_w015.yaml,passage,15.0,rrt-connect,2,9,1,2.4962,2.4964,527.994,54,1400,3568,
passage_w015.yaml,passage,15.0,rrt-connect,2,10,1,0.152,0.1522,400.569,42,101,187,
passage_w015.yaml,passage,15.0,rrt-connect,2,11,1,2.2781,2.2783,565.744,58,1373,2533,
passage_w015.yaml,passage,15.0,rrt-connect,2,12,1,0.805,0.8052,478.047,49,496,1013,
passage_w015.yaml,passage,15.0,rrt-connect,2,13,1,0.0939,0.0941,343.931,36,64,83,
passage_w015.yaml,passage,15.0,rrt-connect,2,14,1,0.3389,0.3391,467.269,48,226,402,
passage_w015.yaml,passage,15.0,rrt-connect,2,15,1,0.1339,0.134,376.642,39,93,141,
passage_w015.yaml,passage,15.0,rrt-connect,2,16,1,0.802,0.8022,642.037,66,495,1120,
passage_w015.yaml,passage,15.0,rrt-connect,2,17,1,0.6151,0.6153,470.827,49,400,785,
passage_w015.yaml,passage,15.0,rrt-connect,2,18,1,0.6696,0.6698,387.307,40,420,872,
passage_w015.yaml,passage,15.0,rrt-connect,2,19,1,0.3048,0.305,450.063,47,196,377,
passage_w015.yaml,passage,15.0,rrt-connect,2,20,1,0.133,0.1333,383.588,40,93,137,
passage_w015.yaml,passage,15.0,rrt-connect,2,21,1,0.0995,0.0997,365.648,38,65,106,
passage_w015.yaml,passage,15.0,rrt-connect,2,22,1,0.0786,0.0788,332.336,35,58,92,
passage_w015.yaml,passage,15.0,rrt-connect,2,23,1,0.0683,0.0684,321.31,34,50,73,
passage_w015.yaml,passage,15.0,rrt-connect,2,24,1,0.1271,0.1273,390.907,41,88,131,
passage_w015.yaml,passage,15.0,rrt-connect,2,25,1,0.0563,0.0565,312.417,33,43,45,
passage_w015.yaml,passage,15.0,rrt-connect,2,26,1,0.3366,0.3369,469.812,48,221,368,
passage_w015.yaml,passage,15.0,rrt-connect,2,27,1,0.0571,0.0572,324.145,34,41,44,
passage_w015.yaml,passage,15.0,rrt-connect,2,28,1,0.0628,0.0629,312.608,33,46,47,
passage_w015.yaml,passage,15.0,rrt-connect,2,29,1,0.0681,0.0683,339.821,35,50,72,
passage_w020.yaml,passage,20.0,rrt,2,0,1,0.0437,0.0439,284.037,30,33,24,
passage_w020.yaml,passage,20.0,rrt,2,1,1,1.8129,1.8131,530.084,55,1109,2193,
passage_w020.yaml,passage,20.0,rrt,2,2,1,0.459,0.4592,416.865,44,307,438,
passage_w020.yaml,passage,20.0,rrt,2,3,1,3.6574,3.6577,627.669,66,2382,3405,
passage_w020.yaml,passage,20.0,rrt,2,4,1,0.082,0.0822,375.087,39,59,67,
passage_w020.yaml,passage,20.0,rrt,2,5,1,0.6933,0.6935,498.835,54,429,629,
passage_w020.yaml,passage,20.0,rrt,2,6,1,0.8159,0.8161,461.15,48,564,672,
passage_w020.yaml,passage,20.0,rrt,2,7,1,0.8904,0.8906,401.258,41,569,799,
passage_w020.yaml,passage,20.0,rrt,2,8,1,0.1664,0.1665,360.441,38,119,130,
passage_w020.yaml,passage,20.0,rrt,2,9,1,0.2988,0.299,334.332,35,205,305,
passage_w020.yaml,passage,20.0,rrt,2,10,1,1.045,1.0452,461.133,49,614,1392,
passage_w020.yaml,passage,20.0,rrt,2,11,1,0.6219,0.6221,346.894,36,428,666,
passage_w020.yaml,passage,20.0,rrt,2,12,1,1.1192,1.1194,399.579,43,755,1173,
passage_w020.yaml,passage,20.0,rrt,2,13,1,0.288,0.2882,356.877,37,198,301,
passage_w020.yaml,passage,20.0,rrt,2,14,1,1.9434,1.9435,394.478,43,1262,2134,
passage_w020.yaml,passage,20.0,rrt,2,15,1,0.2786,0.2788,363.292,38,191,273,
passage_w020.yaml,passage,20.0,rrt,2,16,1,2.5511,2.5513,418.63,45,1641,2713,
passage_w020.yaml,passage,20.0,rrt,2,17,1,2.486,2.4862,512.035,55,1583,2831,
passage_w020.yaml,passage,20.0,rrt,2,18,1,1.7033,1.7035,584.251,61,1098,2195,
passage_w020.yaml,passage,20.0,rrt,2,19,1,0.2712,0.2714,364.34,38,190,264,
passage_w020.yaml,passage,20.0,rrt,2,20,1,0.3907,0.3909,501.142,53,260,404,
passage_w020.yaml,passage,20.0,rrt,2,21,1,2.2304,2.2306,502.713,53,1475,2168,
passage_w020.yaml,passage,20.0,rrt,2,22,1,0.6549,0.6551,467.869,49,439,639,
passage_w020.yaml,passage,20.0,rrt,2,23,1,1.0417,1.0419,486.776,53,709,964,
passage_w020.yaml,passage,20.0,rrt,2,24,1,0.093,0.0931,282.688,30,70,77,
passage_w020.yaml,passage,20.0,rrt,2,25,1,0.5677,0.5678,431.476,45,396,464,
passage_w020.yaml,passage,20.0,rrt,2,26,1,1.1949,1.1951,480.702,51,798,1009,
passage_w020.yaml,passage,20.0,rrt,2,27,1,0.2946,0.2948,387.645,41,207,253,
passage_w020.yaml,passage,20.0,rrt,2,28,1,0.5047,0.5049,435.33,46,327,613,
passage_w020.yaml,passage,20.0,rrt,2,29,1,1.2776,1.278,516.036,54,862,1511,
passage_w020.yaml,passage,20.0,rrt-connect,2,0,1,0.0719,0.0721,342.453,36,55,56,
passage_w020.yaml,passage,20.0,rrt-connect,2,1,1,0.0854,0.0856,345.409,36,61,97,
passage_w020.yaml,passage,20.0,rrt-connect,2,2,1,0.0537,0.0538,324.709,34,41,49,
passage_w020.yaml,passage,20.0,rrt-connect,2,3,1,0.0678,0.0679,352.505,37,49,56,
passage_w020.yaml,passage,20.0,rrt-connect,2,4,1,0.1178,0.118,421.061,44,82,107,
passage_w020.yaml,passage,20.0,rrt-connect,2,5,1,0.1163,0.1165,423.175,44,81,146,
passage_w020.yaml,passage,20.0,rrt-connect,2,6,1,0.1182,0.1183,437.85,45,82,128,
passage_w020.yaml,passage,20.0,rrt-connect,2,7,1,0.0616,0.0618,290.227,31,47,58,
passage_w020.yaml,passage,20.0,rrt-connect,2,8,1,0.0628,0.0632,320.958,34,48,54,
passage_w020.yaml,passage,20.0,rrt-connect,2,9,1,0.043,0.0432,278.332,29,34,34,
passage_w020.yaml,passage,20.0,rrt-connect,2,10,1,0.0813,0.0814,315.337,33,60,90,
passage_w020.yaml,passage,20.0,rrt-connect,2,11,1,0.1095,0.1098,393.802,41,76,120,
passage_w020.yaml,passage,20.0,rrt-connect,2,12,1,0.09,0.0902,365.428,38,66,95,
passage_w020.yaml,passage,20.0,rrt-connect,2,13,1,0.0612,0.0614,318.995,33,44,48,
passage_w020.yaml,passage,20.0,rrt-connect,2,14,1,0.0541,0.0543,309.188,32,41,53,
passage_w020.yaml,passage,20.0,rrt-connect,2,15,1,0.084,0.0842,309.939,32,60,75,
passage_w020.yaml,passage,20.0,rrt-connect,2,16,1,0.8447,0.845,637.211,65,507,1099,
passage_w020.yaml,passage,20.0,rrt-connect,2,17,1,0.0828,0.0829,297.062,31,62,80,
passage_w020.yaml,passage,20.0,rrt-connect,2,18,1,0.1298,0.13,425.322,44,87,155,
passage_w020.yaml,passage,20.0,rrt-connect,2,19,1,0.0596,0.0598,301.949,32,45,51,
passage_w020.yaml,passage,20.0,rrt-connect,2,20,1,0.0977,0.0979,381.009,40,69,96,
passage_w020.yaml,passage,20.0,rrt-connect,2,21,1,0.1391,0.1393,380.915,40,96,177,
passage_w020.yaml,passage,20.0,rrt-connect,2,22,1,0.0828,0.083,332.336,35,60,92,
passage_w020.yaml,passage,20.0,rrt-connect,2,23,1,0.0529,0.053,296.667,31,39,53,
passage_w020.yaml,passage,20.0,rrt-connect,2,24,1,0.0459,0.046,282.56,30,36,40,
passage_w020.yaml,passage,20.0,rrt-connect,2,25,1,0.052,0.0521,295.886,31,41,39,
passage_w020.yaml,passage,20.0,rrt-connect,2,26,1,0.1101,0.1103,296.855,31,77,94,
passage_w020.yaml,passage,20.0,rrt-connect,2,27,1,0.0548,0.0549,324.145,34,41,44,
passage_w020.yaml,passage,20.0,rrt-connect,2,28,1,0.0577,0.0578,296.592,31,43,44,
passage_w020.yaml,passage,20.0,rrt-connect,2,29,1,0.066,0.0661,322.621,34,48,65,
passage_w030.yaml,passage,30.0,rrt,2,0,1,0.2545,0.2547,337.185,35,171,219,
passage_w030.yaml,passage,30.0,rrt,2,1,1,0.1776,0.1778,373.039,39,123,195,
passage_w030.yaml,passage,30.0,rrt,2,2,1,0.1199,0.12,302.899,32,88,96,
passage_w030.yaml,passage,30.0,rrt,2,3,1,0.9146,0.9148,490.218,52,641,821,
passage_w030.yaml,passage,30.0,rrt,2,4,1,0.9212,0.9214,470.169,50,604,1032,
passage_w030.yaml,passage,30.0,rrt,2,5,1,0.6345,0.6347,430.202,45,422,512,
passage_w030.yaml,passage,30.0,rrt,2,6,1,0.6155,0.6157,450.704,47,441,495,
passage_w030.yaml,passage,30.0,rrt,2,7,1,0.2564,0.2566,399.089,42,172,189,
passage_w030.yaml,passage,30.0,rrt,2,8,1,0.192,0.1921,326.799,34,131,130,
passage_w030.yaml,passage,30.0,rrt,2,9,1,0.2096,0.2098,340.0,35,145,230,
passage_w030.yaml,passage,30.0,rrt,2,10,1,0.2726,0.2728,348.503,36,190,250,
passage_w030.yaml,passage,30.0,rrt,2,11,1,0.126,0.1261,324.777,34,91,87,
passage_w030.yaml,passage,30.0,rrt,2,12,1,0.2614,0.2616,327.305,35,162,233,
passage_w030.yaml,passage,30.0,rrt,2,13,1,0.7412,0.7414,414.818,43,528,607,
passage_w030.yaml,passage,30.0,rrt,2,14,1,0.1681,0.1683,369.002,39,120,158,
passage_w030.yaml,passage,30.0,rrt,2,15,1,0.4304,0.4306,366.789,38,310,416,
passage_w030.yaml,passage,30.0,rrt,2,16,1,1.098,1.0982,454.916,49,708,937,
passage_w030.yaml,passage,30.0,rrt,2,17,1,0.2518,0.2521,304.793,32,168,234,
passage_w030.yaml,passage,30.0,rrt,2,18,1,0.4997,0.4999,414.732,43,337,594,
passage_w030.yaml,passage,30.0,rrt,2,19,1,0.2798,0.28,371.405,39,203,264,
passage_w030.yaml,passage,30.0,rrt,2,20,1,0.89,0.8902,410.256,45,637,711,
passage_w030.yaml,passage,30.0,rrt,2,21,1,0.2881,0.2883,302.875,32,190,338,
passage_w030.yaml,passage,30.0,rrt,2,22,1,0.2496,0.2498,443.723,47,174,254,
passage_w030.yaml,passage,30.0,rrt,2,23,1,0.0813,0.0815,344.042,36,59,68,
passage_w030.yaml,passage,30.0,rrt,2,24,1,0.5522,0.5525,339.052,36,375,573,
passage_w030.yaml,passage,30.0,rrt,2,25,1,0.0626,0.0628,287.776,30,44,35,
passage_w030.yaml,passage,30.0,rrt,2,26,1,0.138,0.1382,373.604,40,100,125,
passage_w030.yaml,passage,30.0,rrt,2,27,1,0.2969,0.2971,394.783,41,207,253,
passage_w030.yaml,passage,30.0,rrt,2,28,1,0.1356,0.1358,358.49,38,92,100,
passage_w030.yaml,passage,30.0,rrt,2,29,1,1.9505,1.9507,503.505,54,1278,1684,
passage_w030.yaml,passage,30.0,rrt-connect,2,0,1,0.0485,0.0487,302.412,32,39,35,
passage_w030.yaml,passage,30.0,rrt-connect,2,1,1,0.0818,0.0821,335.442,35,60,93,
passage_w030.yaml,passage,30.0,rrt-connect,2,2,1,0.0482,0.0483,299.033,31,37,41,
passage_w030.yaml,passage,30.0,rrt-connect,2,3,1,0.0457,0.0459,283.846,30,36,31,
passage_w030.yaml,passage,30.0,rrt-connect,2,4,1,0.09,0.0902,400.556,42,65,77,
passage_w030.yaml,passage,30.0,rrt-connect,2,5,1,0.0466,0.0468,250.058,27,36,57,
passage_w030.yaml,passage,30.0,rrt-connect,2,6,1,0.0638,0.0639,325.061,34,47,53,
passage_w030.yaml,passage,30.0,rrt-connect,2,7,1,0.0529,0.053,260.175,28,39,45,
passage_w030.yaml,passage,30.0,rrt-connect,2,8,1,0.0581,0.0583,312.362,33,45,44,
passage_w030.yaml,passage,30.0,rrt-connect,2,9,1,0.0447,0.0448,267.549,28,33,33,
passage_w030.yaml,passage,30.0,rrt-connect,2,10,1,0.0576,0.0578,283.353,30,43,46,
passage_w030.yaml,passage,30.0,rrt-connect,2,11,1,0.1126,0.1128,389.29,40,75,116,
passage_w030.yaml,passage,30.0,rrt-connect,2,12,1,0.0498,0.0499,285.26,30,35,38,
passage_w030.yaml,passage,30.0,rrt-connect,2,13,1,0.0457,0.0459,305.084,32,36,37,
passage_w030.yaml,passage,30.0,rrt-connect,2,14,1,0.0539,0.0541,309.188,32,41,53,
passage_w030.yaml,passage,30.0,rrt-connect,2,15,1,0.0579,0.0581,312.527,33,44,52,
passage_w030.yaml,passage,30.0,rrt-connect,2,16,1,0.1083,0.1085,344.018,36,81,97,
passage_w030.yaml,passage,30.0,rrt-connect,2,17,1,0.0835,0.0837,297.062,31,62,80,
passage_w030.yaml,passage,30.0,rrt-connect,2,18,1,0.0456,0.0458,267.15,28,34,52,
passage_w030.yaml,passage,30.0,rrt-connect,2,19,1,0.0642,0.0643,301.949,32,48,51,
passage_w030.yaml,passage,30.0,rrt-connect,2,20,1,0.042,0.0421,272.719,29,32,29,
passage_w030.yaml,passage,30.0,rrt-connect,2,21,1,0.0589,0.059,320.462,34,43,57,
passage_w030.yaml,passage,30.0,rrt-connect,2,22,1,0.051,0.0512,278.073,29,39,54,
passage_w030.yaml,passage,30.0,rrt-connect,2,23,1,0.0454,0.0456,283.954,30,35,42,
passage_w030.yaml,passage,30.0,rrt-connect,2,24,1,0.0439,0.044,282.56,30,36,40,
passage_w030.yaml,passage,30.0,rrt-connect,2,25,1,0.0522,0.0524,295.886,31,41,39,
passage_w030.yaml,passage,30.0,rrt-connect,2,26,1,0.0753,0.0754,294.214,31,55,46,
passage_w030.yaml,passage,30.0,rrt-connect,2,27,1,0.0451,0.0452,279.243,29,34,32,
passage_w030.yaml,passage,30.0,rrt-connect,2,28,1,0.0586,0.0588,315.905,33,44,44,
passage_w030.yaml,passage,30.0,rrt-connect,2,29,1,0.0801,0.0802,334.421,35,50,65,
passage_w040.yaml,passage,40.0,rrt,2,0,1,0.1925,0.1927,281.822,30,133,149,
passage_w040.yaml,passage,40.0,rrt,2,1,1,0.1552,0.1554,353.039,37,111,157,
passage_w040.yaml,passage,40.0,rrt,2,2,1,0.0819,0.082,290.0,30,63,50,
passage_w040.yaml,passage,40.0,rrt,2,3,1,0.9413,0.9415,490.218,52,659,821,
passage_w040.yaml,passage,40.0,rrt,2,4,1,1.1293,1.1295,558.025,59,772,1126,
passage_w040.yaml,passage,40.0,rrt,2,5,1,0.7866,0.7867,311.452,33,561,629,
passage_w040.yaml,passage,40.0,rrt,2,6,1,0.5424,0.5426,418.421,44,382,407,
passage_w040.yaml,passage,40.0,rrt,2,7,1,0.2541,0.2544,399.192,42,177,189,
passage_w040.yaml,passage,40.0,rrt,2,8,1,0.3772,0.3774,416.833,43,265,301,
passage_w040.yaml,passage,40.0,rrt,2,9,1,0.0778,0.0779,308.717,32,56,64,
passage_w040.yaml,passage,40.0,rrt,2,10,1,1.2373,1.2375,413.542,44,861,897,
passage_w040.yaml,passage,40.0,rrt,2,11,1,0.6175,0.6177,426.995,46,419,489,
passage_w040.yaml,passage,40.0,rrt,2,12,1,0.0605,0.0606,244.413,26,47,35,
passage_w040.yaml,passage,40.0,rrt,2,13,1,0.7433,0.7435,414.818,43,536,607,
passage_w040.yaml,passage,40.0,rrt,2,14,1,0.2041,0.2042,374.232,40,142,158,
passage_w040.yaml,passage,40.0,rrt,2,15,1,0.0689,0.069,255.028,27,53,49,
passage_w040.yaml,passage,40.0,rrt,2,16,1,0.7344,0.7346,370.715,38,521,638,
passage_w040.yaml,passage,40.0,rrt,2,17,1,0.2766,0.2768,396.885,41,194,270,
passage_w040.yaml,passage,40.0,rrt,2,18,1,0.5593,0.5597,384.894,41,391,462,
passage_w040.yaml,passage,40.0,rrt,2,19,1,0.158,0.1582,328.287,34,110,122,
passage_w040.yaml,passage,40.0,rrt,2,20,1,0.8985,0.8987,307.214,34,657,711,
passage_w040.yaml,passage,40.0,rrt,2,21,1,1.1314,1.1316,511.463,54,774,969,
passage_w040.yaml,passage,40.0,rrt,2,22,1,0.2033,0.2035,443.387,47,144,182,
passage_w040.yaml,passage,40.0,rrt,2,23,1,1.3722,1.3726,455.085,49,966,1161,
passage_w040.yaml,passage,40.0,rrt,2,24,1,0.4427,0.4431,356.215,37,313,474,
passage_w040.yaml,passage,40.0,rrt,2,25,1,0.0885,0.0886,282.982,30,69,50,
passage_w040.yaml,passage,40.0,rrt,2,26,1,0.1506,0.1508,361.319,38,111,125,
passage_w040.yaml,passage,40.0,rrt,2,27,1,0.2077,0.2078,304.422,32,154,162,
passage_w040.yaml,passage,40.0,rrt,2,28,1,0.3531,0.3533,397.648,42,246,273,
passage_w040.yaml,passage,40.0,rrt,2,29,1,0.2352,0.2353,290.0,30,169,256,
passage_w040.yaml,passage,40.0,rrt-connect,2,0,1,0.049,0.0492,285.711,30,36,30,
passage_w040.yaml,passage,40.0,rrt-connect,2,1,1,0.0843,0.0844,293.064,31,60,93,
passage_w040.yaml,passage,40.0,rrt-connect,2,2,1,0.0444,0.0445,293.748,31,36,39,
passage_w040.yaml,passage,40.0,rrt-connect,2,3,1,0.0534,0.0536,297.4,31,43,37,
passage_w040.yaml,passage,40.0,rrt-connect,2,4,1,0.0444,0.0446,271.978,29,34,26,
passage_w040.yaml,passage,40.0,rrt-connect,2,5,1,0.0484,0.0486,229.543,24,36,56,
passage_w040.yaml,passage,40.0,rrt-connect,2,6,1,0.0435,0.0436,242.988,26,33,33,
passage_w040.yaml,passage,40.0,rrt-connect,2,7,1,0.0405,0.0406,239.652,25,32,36,
passage_w040.yaml,passage,40.0,rrt-connect,2,8,1,0.0565,0.0566,308.152,32,43,41,
passage_w040.yaml,passage,40.0,rrt-connect,2,9,1,0.0414,0.0415,267.549,28,33,33,
passage_w040.yaml,passage,40.0,rrt-connect,2,10,1,0.05,0.0502,268.633,28,39,37,
passage_w040.yaml,passage,40.0,rrt-connect,2,11,1,0.0771,0.0773,328.188,34,55,73,
passage_w040.yaml,passage,40.0,rrt-connect,2,12,1,0.0421,0.0423,272.938,29,33,37,
passage_w040.yaml,passage,40.0,rrt-connect,2,13,1,0.0507,0.0509,288.879,30,38,36,
passage_w040.yaml,passage,40.0,rrt-connect,2,14,1,0.048,0.0481,269.583,28,35,41,
passage_w040.yaml,passage,40.0,rrt-connect,2,15,1,0.0498,0.0499,298.361,31,38,43,
passage_w040.yaml,passage,40.0,rrt-connect,2,16,1,0.0548,0.055,280.115,30,43,38,
passage_w040.yaml,passage,40.0,rrt-connect,2,17,1,0.053,0.0532,249.933,26,42,38,
passage_w040.yaml,passage,40.0,rrt-connect,2,18,1,0.0429,0.043,260.882,28,34,51,
passage_w040.yaml,passage,40.0,rrt-connect,2,19,1,0.0399,0.0401,241.425,26,33,30,
passage_w040.yaml,passage,40.0,rrt-connect,2,20,1,0.0422,0.0423,271.349,29,32,25,
passage_w040.yaml,passage,40.0,rrt-connect,2,21,1,0.0427,0.043,280.387,30,35,38,
passage_w040.yaml,passage,40.0,rrt-connect,2,22,1,0.0711,0.0713,319.3,33,53,67,
passage_w040.yaml,passage,40.0,rrt-connect,2,23,1,0.0439,0.0441,282.295,30,35,38,
passage_w040.yaml,passage,40.0,rrt-connect,2,24,1,0.046,0.0462,282.56,30,37,40,
passage_w040.yaml,passage,40.0,rrt-connect,2,25,1,0.0515,0.0516,295.886,31,41,39,
passage_w040.yaml,passage,40.0,rrt-connect,2,26,1,0.0534,0.0536,271.353,29,41,35,
passage_w040.yaml,passage,40.0,rrt-connect,2,27,1,0.0459,0.0461,292.556,31,35,32,
passage_w040.yaml,passage,40.0,rrt-connect,2,28,1,0.0572,0.0574,304.114,32,43,41,
passage_w040.yaml,passage,40.0,rrt-connect,2,29,1,0.0694,0.0696,334.421,35,51,65,
passage_w050.yaml,passage,50.0,rrt,2,0,1,0.0683,0.0685,234.746,25,52,50,
passage_w050.yaml,passage,50.0,rrt,2,1,1,0.2987,0.2989,274.876,29,218,236,
passage_w050.yaml,passage,50.0,rrt,2,2,1,0.2111,0.2112,283.791,30,159,138,
passage_w050.yaml,passage,50.0,rrt,2,3,1,2.4931,2.4933,512.403,54,1797,2021,
passage_w050.yaml,passage,50.0,rrt,2,4,1,0.746,0.7463,607.649,65,516,607,
passage_w050.yaml,passage,50.0,rrt,2,5,1,0.7907,0.7909,344.443,38,564,629,
passage_w050.yaml,passage,50.0,rrt,2,6,1,1.6435,1.6437,434.129,46,1115,1131,
passage_w050.yaml,passage,50.0,rrt,2,7,1,0.2694,0.2696,420.185,44,188,189,
passage_w050.yaml,passage,50.0,rrt,2,8,1,0.401,0.4012,416.833,43,289,301,
passage_w050.yaml,passage,50.0,rrt,2,9,1,0.9925,0.9928,405.875,42,694,770,
passage_w050.yaml,passage,50.0,rrt,2,10,1,0.7144,0.7145,431.522,45,505,661,
passage_w050.yaml,passage,50.0,rrt,2,11,1,0.6355,0.6356,348.972,37,432,489,
passage_w050.yaml,passage,50.0,rrt,2,12,1,0.0998,0.1,294.548,31,72,57,
passage_w050.yaml,passage,50.0,rrt,2,13,1,0.3102,0.3104,423.557,45,230,216,
passage_w050.yaml,passage,50.0,rrt,2,14,1,0.0577,0.0579,260.0,27,44,37,
passage_w050.yaml,passage,50.0,rrt,2,15,1,0.0751,0.0752,255.028,27,57,49,
passage_w050.yaml,passage,50.0,rrt,2,16,1,0.3587,0.3588,272.901,29,260,280,
passage_w050.yaml,passage,50.0,rrt,2,17,1,0.0785,0.0787,339.164,36,56,25,
passage_w050.yaml,passage,50.0,rrt,2,18,1,0.8183,0.8186,460.67,48,564,637,
passage_w050.yaml,passage,50.0,rrt,2,19,1,0.4211,0.4213,380.198,40,294,354,
passage_w050.yaml,passage,50.0,rrt,2,20,1,0.9311,0.9313,288.995,33,694,711,
passage_w050.yaml,passage,50.0,rrt,2,21,1,0.2005,0.2006,284.16,30,149,165,
passage_w050.yaml,passage,50.0,rrt,2,22,1,0.5473,0.5475,371.726,39,401,380,
passage_w050.yaml,passage,50.0,rrt,2,23,1,0.2989,0.299,310.0,32,218,202,
passage_w050.yaml,passage,50.0,rrt,2,24,1,0.3345,0.3347,323.47,34,240,346,
passage_w050.yaml,passage,50.0,rrt,2,25,1,0.1024,0.1025,238.816,25,78,50,
passage_w050.yaml,passage,50.0,rrt,2,26,1,0.4079,0.4081,384.257,40,297,290,
passage_w050.yaml,passage,50.0,rrt,2,27,1,0.2403,0.2405,308.484,33,177,162,
passage_w050.yaml,passage,50.0,rrt,2,28,1,0.1484,0.1485,296.941,31,110,100,
passage_w050.yaml,passage,50.0,rrt,2,29,1,0.3354,0.3355,299.169,31,244,256,
passage_w050.yaml,passage,50.0,rrt-connect,2,0,1,0.0472,0.0474,285.711,30,36,30,
passage_w050.yaml,passage,50.0,rrt-connect,2,1,1,0.0542,0.0543,244.499,26,40,48,
passage_w050.yaml,passage,50.0,rrt-connect,2,2,1,0.0479,0.0481,263.52,28,38,39,
passage_w050.yaml,passage,50.0,rrt-connect,2,3,1,0.0407,0.0409,234.66,25,32,21,
passage_w050.yaml,passage,50.0,rrt-connect,2,4,1,0.0411,0.0413,260.617,28,33,23,
passage_w050.yaml,passage,50.0,rrt-connect,2,5,1,0.0529,0.053,236.097,25,40,56,
passage_w050.yaml,passage,50.0,rrt-connect,2,6,1,0.0408,0.0409,234.4,25,31,30,
passage_w050.yaml,passage,50.0,rrt-connect,2,7,1,0.0439,0.0441,256.877,27,35,36,
passage_w050.yaml,passage,50.0,rrt-connect,2,8,1,0.0463,0.0466,262.585,28,33,20,
passage_w050.yaml,passage,50.0,rrt-connect,2,9,1,0.0437,0.0439,278.785,29,34,33,
passage_w050.yaml,passage,50.0,rrt-connect,2,10,1,0.0664,0.0666,312.318,33,49,48,
passage_w050.yaml,passage,50.0,rrt-connect,2,11,1,0.0592,0.0593,298.252,31,44,44,
passage_w050.yaml,passage,50.0,rrt-connect,2,12,1,0.0407,0.0409,266.808,28,31,33,
passage_w050.yaml,passage,50.0,rrt-connect,2,13,1,0.0484,0.0485,277.577,29,39,34,
passage_w050.yaml,passage,50.0,rrt-connect,2,14,1,0.0507,0.0509,232.02,25,40,35,
passage_w050.yaml,passage,50.0,rrt-connect,2,15,1,0.0531,0.0532,287.022,30,41,43,
passage_w050.yaml,passage,50.0,rrt-connect,2,16,1,0.0482,0.0484,249.704,26,38,34,
passage_w050.yaml,passage,50.0,rrt-connect,2,17,1,0.0594,0.0596,264.27,28,45,36,
passage_w050.yaml,passage,50.0,rrt-connect,2,18,1,0.043,0.0431,237.748,25,34,40,
passage_w050.yaml,passage,50.0,rrt-connect,2,19,1,0.0415,0.0417,241.425,26,33,30,
passage_w050.yaml,passage,50.0,rrt-connect,2,20,1,0.0389,0.0391,250.532,27,31,24,
passage_w050.yaml,passage,50.0,rrt-connect,2,21,1,0.0354,0.0355,245.631,26,29,21,
passage_w050.yaml,passage,50.0,rrt-connect,2,22,1,0.0718,0.072,319.3,33,54,67,
passage_w050.yaml,passage,50.0,rrt-connect,2,23,1,0.0388,0.039,259.954,27,31,37,
passage_w050.yaml,passage,50.0,rrt-connect,2,24,1,0.0468,0.047,269.523,28,38,40,
passage_w050.yaml,passage,50.0,rrt-connect,2,25,1,0.0367,0.0368,218.53,23,29,22,
passage_w050.yaml,passage,50.0,rrt-connect,2,26,1,0.052,0.0522,271.353,29,41,35,
passage_w050.yaml,passage,50.0,rrt-connect,2,27,1,0.0319,0.0322,214.215,23,27,21,
passage_w050.yaml,passage,50.0,rrt-connect,2,28,1,0.043,0.0432,251.085,27,35,30,
passage_w050.yaml,passage,50.0,rrt-connect,2,29,1,0.0695,0.0697,335.0,35,52,67,
passage_w060.yaml,passage,60.0,rrt,2,0,1,0.2191,0.2194,277.137,29,157,149,
passage_w060.yaml,passage,60.0,rrt,2,1,1,0.3155,0.3157,257.393,27,228,236,
passage_w060.yaml,passage,60.0,rrt,2,2,1,0.2259,0.2261,283.791,30,161,138,
passage_w060.yaml,passage,60.0,rrt,2,3,1,0.2822,0.2824,451.094,49,181,147,
passage_w060.yaml,passage,60.0,rrt,2,4,1,0.5186,0.5188,528.396,56,355,413,
passage_w060.yaml,passage,60.0,rrt,2,5,1,0.3358,0.3359,376.528,39,249,214,
passage_w060.yaml,passage,60.0,rrt,2,6,1,0.7709,0.7711,273.693,29,536,495,
passage_w060.yaml,passage,60.0,rrt,2,7,1,0.2886,0.2888,420.185,44,204,189,
passage_w060.yaml,passage,60.0,rrt,2,8,1,0.2598,0.2599,414.803,44,184,171,
passage_w060.yaml,passage,60.0,rrt,2,9,1,1.0359,1.0361,317.239,34,713,718,
passage_w060.yaml,passage,60.0,rrt,2,10,1,0.0872,0.0873,279.652,29,64,60,
passage_w060.yaml,passage,60.0,rrt,2,11,1,0.4285,0.4287,373.956,40,282,271,
passage_w060.yaml,passage,60.0,rrt,2,12,1,0.1566,0.1568,266.975,28,117,83,
passage_w060.yaml,passage,60.0,rrt,2,13,1,0.3227,0.3229,414.589,45,236,216,
passage_w060.yaml,passage,60.0,rrt,2,14,1,0.043,0.0432,234.724,25,38,16,
passage_w060.yaml,passage,60.0,rrt,2,15,1,0.0863,0.0864,255.028,27,67,49,
passage_w060.yaml,passage,60.0,rrt,2,16,1,0.6595,0.6597,277.855,29,493,474,
passage_w060.yaml,passage,60.0,rrt,2,17,1,0.0785,0.0786,339.164,36,56,25,
passage_w060.yaml,passage,60.0,rrt,2,18,1,0.0945,0.0947,255.715,27,69,48,
passage_w060.yaml,passage,60.0,rrt,2,19,1,0.6132,0.6133,269.596,28,434,451,
passage_w060.yaml,passage,60.0,rrt,2,20,1,1.0492,1.0493,288.995,33,773,711,
passage_w060.yaml,passage,60.0,rrt,2,21,1,0.5077,0.5079,297.352,31,364,355,
passage_w060.yaml,passage,60.0,rrt,2,22,1,0.5417,0.5419,403.263,42,394,380,
passage_w060.yaml,passage,60.0,rrt,2,23,1,0.2988,0.2989,310.0,32,217,202,
passage_w060.yaml,passage,60.0,rrt,2,24,1,0.4687,0.4689,460.544,48,334,409,
passage_w060.yaml,passage,60.0,rrt,2,25,1,0.1037,0.1039,336.059,35,72,50,
passage_w060.yaml,passage,60.0,rrt,2,26,1,0.071,0.0712,264.678,28,50,33,
passage_w060.yaml,passage,60.0,rrt,2,27,1,0.2381,0.2383,262.817,28,177,162,
passage_w060.yaml,passage,60.0,rrt,2,28,1,0.2354,0.2355,251.57,27,175,179,
passage_w060.yaml,passage,60.0,rrt,2,29,1,0.3641,0.3645,341.534,36,267,276,
passage_w060.yaml,passage,60.0,rrt-connect,2,0,1,0.0297,0.0299,216.422,23,25,17,
passage_w060.yaml,passage,60.0,rrt-connect,2,1,1,0.0371,0.0373,254.363,27,30,29,
passage_w060.yaml,passage,60.0,rrt-connect,2,2,1,0.0461,0.0463,210.885,23,36,36,
passage_w060.yaml,passage,60.0,rrt-connect,2,3,1,0.0255,0.0256,207.136,22,23,12,
passage_w060.yaml,passage,60.0,rrt-connect,2,4,1,0.0333,0.0334,219.146,23,27,17,
passage_w060.yaml,passage,60.0,rrt-connect,2,5,1,0.0627,0.0629,261.426,28,48,60,
passage_w060.yaml,passage,60.0,rrt-connect,2,6,1,0.0445,0.0446,234.665,25,33,30,
passage_w060.yaml,passage,60.0,rrt-connect,2,7,1,0.0429,0.043,229.591,24,35,36,
passage_w060.yaml,passage,60.0,rrt-connect,2,8,1,0.0422,0.0423,230.901,25,35,19,
passage_w060.yaml,passage,60.0,rrt-connect,2,9,1,0.0421,0.0423,236.07,25,34,28,
passage_w060.yaml,passage,60.0,rrt-connect,2,10,1,0.035,0.0351,209.191,22,27,18,
passage_w060.yaml,passage,60.0,rrt-connect,2,11,1,0.0495,0.0496,258.198,27,36,34,
passage_w060.yaml,passage,60.0,rrt-connect,2,12,1,0.0358,0.036,235.852,25,28,28,
passage_w060.yaml,passage,60.0,rrt-connect,2,13,1,0.0492,0.0493,277.577,29,39,34,
passage_w060.yaml,passage,60.0,rrt-connect,2,14,1,0.0521,0.0522,240.355,26,40,35,
passage_w060.yaml,passage,60.0,rrt-connect,2,15,1,0.0646,0.0648,270.19,29,49,47,
passage_w060.yaml,passage,60.0,rrt-connect,2,16,1,0.0378,0.0379,244.65,26,31,23,
passage_w060.yaml,passage,60.0,rrt-connect,2,17,1,0.0339,0.034,212.112,23,27,18,
passage_w060.yaml,passage,60.0,rrt-connect,2,18,1,0.0383,0.0385,238.308,25,31,32,
passage_w060.yaml,passage,60.0,rrt-connect,2,19,1,0.0409,0.0411,241.425,26,33,30,
passage_w060.yaml,passage,60.0,rrt-connect,2,20,1,0.0378,0.0379,250.532,27,31,24,
passage_w060.yaml,passage,60.0,rrt-connect,2,21,1,0.0354,0.0356,234.231,25,29,18,
passage_w060.yaml,passage,60.0,rrt-connect,2,22,1,0.0567,0.0568,233.869,25,43,54,
passage_w060.yaml,passage,60.0,rrt-connect,2,23,1,0.0321,0.0322,227.694,24,26,20,
passage_w060.yaml,passage,60.0,rrt-connect,2,24,1,0.0473,0.0474,269.523,28,38,40,
passage_w060.yaml,passage,60.0,rrt-connect,2,25,1,0.0289,0.0291,199.961,21,24,12,
passage_w060.yaml,passage,60.0,rrt-connect,2,26,1,0.0535,0.0536,271.353,29,41,35,
passage_w060.yaml,passage,60.0,rrt-connect,2,27,1,0.0363,0.0364,216.414,23,27,19,
passage_w060.yaml,passage,60.0,rrt-connect,2,28,1,0.0361,0.0363,217.873,23,29,23,
passage_w060.yaml,passage,60.0,rrt-connect,2,29,1,0.0627,0.0629,229.988,24,46,62,
